A1,CGCGCTGCATACTTGAACGTGATCCCATGATCGTCCGA
B1,CGCGCTGCATACTTGAAACATCGCCCATGATCGTCCGA
C1,CGCGCTGCATACTTGATGCCTAACCCATGATCGTCCGA
D1,CGCGCTGCATACTTGAGTGGTCACCCATGATCGTCCGA
E1,CGCGCTGCATACTTGACCACTGTCCCATGATCGTCCGA
F1,CGCGCTGCATACTTGACATTGGCCCCATGATCGTCCGA
G1,CGCGCTGCATACTTGCAGATCTGCCCATGATCGTCCGA
H1,CGCGCTGCATACTTGCATCAAGTCCCATGATCGTCCGA
A2,CGCGCTGCATACTTGCGCTGATCCCCATGATCGTCCGA
B2,CGCGCTGCATACTTGACAAGCTACCCATGATCGTCCGA
C2,CGCGCTGCATACTTGCTGTAGCCCCCATGATCGTCCGA
D2,CGCGCTGCATACTTGAGTACAAGCCCATGATCGTCCGA
E2,CGCGCTGCATACTTGAACAACCACCCATGATCGTCCGA
F2,CGCGCTGCATACTTGAACCGAGACCCATGATCGTCCGA
G2,CGCGCTGCATACTTGAACGCTTACCCATGATCGTCCGA
H2,CGCGCTGCATACTTGAAGACGGACCCATGATCGTCCGA
A3,CGCGCTGCATACTTGAAGGTACACCCATGATCGTCCGA
B3,CGCGCTGCATACTTGACACAGAACCCATGATCGTCCGA
C3,CGCGCTGCATACTTGACAGCAGACCCATGATCGTCCGA
D3,CGCGCTGCATACTTGACCTCCAACCCATGATCGTCCGA
E3,CGCGCTGCATACTTGACGCTCGACCCATGATCGTCCGA
F3,CGCGCTGCATACTTGACGTATCACCCATGATCGTCCGA
G3,CGCGCTGCATACTTGACTATGCACCCATGATCGTCCGA
H3,CGCGCTGCATACTTGAGAGTCAACCCATGATCGTCCGA
A4,CGCGCTGCATACTTGAGATCGCACCCATGATCGTCCGA
B4,CGCGCTGCATACTTGAGCAGGAACCCATGATCGTCCGA
C4,CGCGCTGCATACTTGAGTCACTACCCATGATCGTCCGA
D4,CGCGCTGCATACTTGATCCTGTACCCATGATCGTCCGA
E4,CGCGCTGCATACTTGATTGAGGACCCATGATCGTCCGA
F4,CGCGCTGCATACTTGCAACCACACCCATGATCGTCCGA
G4,CGCGCTGCATACTTGGACTAGTACCCATGATCGTCCGA
H4,CGCGCTGCATACTTGCAATGGAACCCATGATCGTCCGA
A5,CGCGCTGCATACTTGCACTTCGACCCATGATCGTCCGA
B5,CGCGCTGCATACTTGCAGCGTTACCCATGATCGTCCGA
C5,CGCGCTGCATACTTGCATACCAACCCATGATCGTCCGA
D5,CGCGCTGCATACTTGCCAGTTCACCCATGATCGTCCGA
E5,CGCGCTGCATACTTGCCGAAGTACCCATGATCGTCCGA
F5,CGCGCTGCATACTTGCCGTGAGACCCATGATCGTCCGA
G5,CGCGCTGCATACTTGCCTCCTGACCCATGATCGTCCGA
H5,CGCGCTGCATACTTGCGAACTTACCCATGATCGTCCGA
A6,CGCGCTGCATACTTGCGACTGGACCCATGATCGTCCGA
B6,CGCGCTGCATACTTGCGCATACACCCATGATCGTCCGA
C6,CGCGCTGCATACTTGCTCAATGACCCATGATCGTCCGA
D6,CGCGCTGCATACTTGCTGAGCCACCCATGATCGTCCGA
E6,CGCGCTGCATACTTGCTGGCATACCCATGATCGTCCGA
F6,CGCGCTGCATACTTGGAATCTGACCCATGATCGTCCGA
G6,CGCGCTGCATACTTGCAAGACTACCCATGATCGTCCGA
H6,CGCGCTGCATACTTGGAGCTGAACCCATGATCGTCCGA
A7,CGCGCTGCATACTTGGATAGACACCCATGATCGTCCGA
B7,CGCGCTGCATACTTGGCCACATACCCATGATCGTCCGA
C7,CGCGCTGCATACTTGGCGAGTAACCCATGATCGTCCGA
D7,CGCGCTGCATACTTGGCTAACGACCCATGATCGTCCGA
E7,CGCGCTGCATACTTGGCTCGGTACCCATGATCGTCCGA
F7,CGCGCTGCATACTTGGGAGAACACCCATGATCGTCCGA
G7,CGCGCTGCATACTTGGGTGCGAACCCATGATCGTCCGA
H7,CGCGCTGCATACTTGGTACGCAACCCATGATCGTCCGA
A8,CGCGCTGCATACTTGGTCGTAGACCCATGATCGTCCGA
B8,CGCGCTGCATACTTGGTCTGTCACCCATGATCGTCCGA
C8,CGCGCTGCATACTTGGTGTTCTACCCATGATCGTCCGA
D8,CGCGCTGCATACTTGTAGGATGACCCATGATCGTCCGA
E8,CGCGCTGCATACTTGTATCAGCACCCATGATCGTCCGA
F8,CGCGCTGCATACTTGTCCGTCTACCCATGATCGTCCGA
G8,CGCGCTGCATACTTGTCTTCACACCCATGATCGTCCGA
H8,CGCGCTGCATACTTGTGAAGAGACCCATGATCGTCCGA
A9,CGCGCTGCATACTTGTGGAACAACCCATGATCGTCCGA
B9,CGCGCTGCATACTTGTGGCTTCACCCATGATCGTCCGA
C9,CGCGCTGCATACTTGTGGTGGTACCCATGATCGTCCGA
D9,CGCGCTGCATACTTGTTCACGCACCCATGATCGTCCGA
E9,CGCGCTGCATACTTGAACTCACCCCCATGATCGTCCGA
F9,CGCGCTGCATACTTGAAGAGATCCCCATGATCGTCCGA
G9,CGCGCTGCATACTTGAAGGACACCCCATGATCGTCCGA
H9,CGCGCTGCATACTTGAATCCGTCCCCATGATCGTCCGA
A10,CGCGCTGCATACTTGAATGTTGCCCCATGATCGTCCGA
B10,CGCGCTGCATACTTGACACGACCCCCATGATCGTCCGA
C10,CGCGCTGCATACTTGACAGATTCCCCATGATCGTCCGA
D10,CGCGCTGCATACTTGAGATGTACCCCATGATCGTCCGA
E10,CGCGCTGCATACTTGAGCACCTCCCCATGATCGTCCGA
F10,CGCGCTGCATACTTGAGCCATGCCCCATGATCGTCCGA
G10,CGCGCTGCATACTTGAGGCTAACCCCATGATCGTCCGA
H10,CGCGCTGCATACTTGATAGCGACCCCATGATCGTCCGA
A11,CGCGCTGCATACTTGATCATTCCCCCATGATCGTCCGA
B11,CGCGCTGCATACTTGATTGGCTCCCCATGATCGTCCGA
C11,CGCGCTGCATACTTGCAAGGAGCCCCATGATCGTCCGA
D11,CGCGCTGCATACTTGCACCTTACCCCATGATCGTCCGA
E11,CGCGCTGCATACTTGCCATCCTCCCCATGATCGTCCGA
F11,CGCGCTGCATACTTGCCGACAACCCCATGATCGTCCGA
G11,CGCGCTGCATACTTGCCTAATCCCCCATGATCGTCCGA
H11,CGCGCTGCATACTTGCCTCTATCCCCATGATCGTCCGA
A12,CGCGCTGCATACTTGCGACACACCCCATGATCGTCCGA
B12,CGCGCTGCATACTTGCGGATTGCCCCATGATCGTCCGA
C12,CGCGCTGCATACTTGCTAAGGTCCCCATGATCGTCCGA
D12,CGCGCTGCATACTTGGAACAGGCCCCATGATCGTCCGA
E12,CGCGCTGCATACTTGGACAGTGCCCCATGATCGTCCGA
F12,CGCGCTGCATACTTGGAGTTAGCCCCATGATCGTCCGA
G12,CGCGCTGCATACTTGGATGAATCCCCATGATCGTCCGA
H12,CGCGCTGCATACTTGGCCAAGACCCCATGATCGTCCGA
